City_ID,City,Lat,Lng,Max Temp,Humidity,Cloudiness,Wind Speed,Country,Date
0,sindor,62.8629,51.8905,15.53,97,100,2.57,RU,2023-02-03 21:47:28
1,rikitea,-23.1203,-134.9692,78.44,72,99,6.29,PF,2023-02-03 21:47:32
2,cape town,-33.9258,18.4232,71.38,69,0,14.0,ZA,2023-02-03 21:44:56
3,punta arenas,-53.15,-70.9167,62.71,42,0,32.21,CL,2023-02-03 21:47:34
4,saint george,37.1041,-113.5841,55.26,39,0,1.99,US,2023-02-03 21:44:17
5,hithadhoo,-0.6,73.0833,81.45,70,61,19.91,MV,2023-02-03 21:47:36
6,jamestown,42.097,-79.2353,9.72,78,100,19.57,US,2023-02-03 21:45:48
7,saint-philippe,-21.3585,55.7679,78.39,88,78,9.91,RE,2023-02-03 21:47:37
8,albany,42.6001,-73.9662,4.37,50,82,5.01,US,2023-02-03 21:47:37
9,airai,-8.9266,125.4092,60.08,95,100,2.19,TL,2023-02-03 21:44:38
10,khani,41.9563,42.9566,24.37,65,57,6.89,GE,2023-02-03 21:47:38
11,hermanus,-34.4187,19.2345,64.8,76,0,12.68,ZA,2023-02-03 21:47:39
12,collie,-33.3667,116.15,62.13,63,0,8.57,AU,2023-02-03 21:47:40
13,parambu,-6.2111,-40.6944,75.96,60,21,3.51,BR,2023-02-03 21:47:40
14,matagami,49.7502,-77.6328,-25.49,62,100,16.11,CA,2023-02-03 21:47:41
15,san patricio,28.017,-97.5169,60.17,55,9,7.63,US,2023-02-03 21:47:42
16,inhambane,-23.865,35.3833,76.5,86,18,9.55,MZ,2023-02-03 21:44:49
17,kapaa,22.0752,-159.319,75.18,91,100,19.57,US,2023-02-03 21:47:43
18,arlit,18.7369,7.3853,73.33,16,30,6.02,NE,2023-02-03 21:47:43
19,hasaki,35.7333,140.8333,36.21,66,97,7.38,JP,2023-02-03 21:45:44
20,salinopolis,-0.6136,-47.3561,78.53,84,44,12.5,BR,2023-02-03 21:47:44
21,victoria,22.2855,114.1577,64.45,85,97,10.0,HK,2023-02-03 21:46:56
22,pozo colorado,-23.4923,-58.7972,82.89,42,100,4.83,PY,2023-02-03 21:47:46
23,mataura,-46.1927,168.8643,77.81,55,8,3.83,NZ,2023-02-03 21:44:40
24,nanortalik,60.1432,-45.2371,18.01,71,100,31.25,GL,2023-02-03 21:47:47
25,kango,0.1943,10.0951,77.41,88,47,4.09,GA,2023-02-03 21:47:48
26,hilo,19.7297,-155.09,82.27,69,40,9.22,US,2023-02-03 21:47:49
27,sibolga,1.7427,98.7792,76.21,84,100,1.99,ID,2023-02-03 21:47:50
28,khatanga,71.9667,102.5,-25.65,99,84,4.03,RU,2023-02-03 21:47:50
29,mahebourg,-20.4081,57.7,77.29,94,40,5.75,MU,2023-02-03 21:47:51
30,bluff,-46.6,168.3333,67.66,80,6,3.09,NZ,2023-02-03 21:47:51
31,nikolskoye,59.7035,30.7861,24.78,96,100,5.59,RU,2023-02-03 21:47:52
32,upernavik,72.7868,-56.1549,-14.12,100,100,7.52,GL,2023-02-03 21:47:52
33,qaanaaq,77.484,-69.3632,-1.8,60,33,6.46,GL,2023-02-03 21:47:53
34,whitehorse,60.7161,-135.0538,13.8,72,75,2.3,CA,2023-02-03 21:45:10
35,bredasdorp,-34.5322,20.0403,65.35,80,0,9.04,ZA,2023-02-03 21:47:54
36,port alfred,-33.5906,26.891,68.18,93,61,3.0,ZA,2023-02-03 21:47:54
37,port elizabeth,-33.918,25.5701,71.89,94,0,10.36,ZA,2023-02-03 21:47:55
38,narsaq,60.9167,-46.05,14.22,72,75,11.52,GL,2023-02-03 21:47:55
39,coronado,32.6859,-117.1831,74.48,36,40,11.01,US,2023-02-03 21:47:56
40,isangel,-19.55,169.2667,85.62,75,96,14.45,VU,2023-02-03 21:47:57
41,pontianak,-0.0333,109.3333,75.18,100,100,2.3,ID,2023-02-03 21:47:57
42,gazanjyk,39.2446,55.5154,40.64,91,3,11.52,TM,2023-02-03 21:47:58
43,male,4.1748,73.5089,80.55,83,75,9.22,MV,2023-02-03 21:47:59
44,tuktoyaktuk,69.4541,-133.0374,-41.8,66,75,2.3,CA,2023-02-03 21:47:59
45,ponta do sol,32.6667,-17.1,61.43,49,45,6.42,PT,2023-02-03 21:48:00
46,vaini,-21.2,-175.2,82.56,83,75,10.36,TO,2023-02-03 21:48:01
47,verkhnevilyuysk,63.4453,120.3167,-28.43,100,99,2.68,RU,2023-02-03 21:48:01
48,kaitangata,-46.2817,169.8464,72.23,68,13,4.09,NZ,2023-02-03 21:48:04
49,amuntai,-2.4177,115.2494,73.22,98,100,0.6,ID,2023-02-03 21:48:06
50,pemangkat,1.1667,108.9667,74.08,93,100,4.83,ID,2023-02-03 21:48:07
51,santarem,-2.4431,-54.7083,84.33,70,20,11.5,BR,2023-02-03 21:48:08
52,iqaluit,63.7506,-68.5145,-31.27,59,20,26.46,CA,2023-02-03 21:48:10
53,balkhash,46.844,74.9804,26.71,95,100,6.73,KZ,2023-02-03 21:44:58
54,la rioja,42.25,-2.5,31.78,45,0,6.85,ES,2023-02-03 21:48:13
55,upata,8.0086,-62.3989,73.51,83,82,4.59,VE,2023-02-03 21:48:16
56,zhangjiakou,40.81,114.8794,16.84,54,0,4.21,CN,2023-02-03 21:48:17
57,lebu,-37.6167,-73.65,66.15,69,0,23.0,CL,2023-02-03 21:48:20
58,coachella,33.6803,-116.1739,74.61,18,0,1.99,US,2023-02-03 21:48:22
59,pochutla,15.7432,-96.4661,86.83,53,35,8.14,MX,2023-02-03 21:43:27
60,cognac,45.5,-0.25,39.97,81,0,6.91,FR,2023-02-03 21:48:14
61,laguna,38.421,-121.4238,59.18,66,100,5.75,US,2023-02-03 21:48:27
62,carnarvon,-24.8667,113.6333,78.26,78,21,7.09,AU,2023-02-03 21:48:30
63,svetlyy,54.675,20.1347,32.05,76,100,14.03,RU,2023-02-03 21:48:33
64,barrow,71.2906,-156.7887,-14.78,76,0,17.27,US,2023-02-03 21:48:34
65,saskylakh,71.9167,114.0833,-42.77,100,77,4.09,RU,2023-02-03 21:44:31
66,aklavik,68.2191,-135.0107,-34.6,74,40,2.3,CA,2023-02-03 21:48:36
67,mandan,46.8267,-100.8896,14.81,76,0,16.11,US,2023-02-03 21:47:54
68,zhigansk,66.7697,123.3711,-39.89,97,93,9.95,RU,2023-02-03 21:48:37
69,swan hill,-35.3378,143.5544,57.9,56,8,13.71,AU,2023-02-03 21:48:39
70,kozhva,65.1073,57.0459,8.67,96,97,5.82,RU,2023-02-03 21:48:40
71,new norfolk,-42.7826,147.0587,54.91,88,100,1.01,AU,2023-02-03 21:48:40
72,georgetown,5.4112,100.3354,75.15,94,20,2.3,MY,2023-02-03 21:43:51
73,lahat,-3.8,103.5333,71.06,90,100,2.28,ID,2023-02-03 21:48:41
74,umm lajj,25.0213,37.2685,66.72,49,0,10.02,SA,2023-02-03 21:48:42
75,longyearbyen,78.2186,15.6401,4.84,72,0,11.5,SJ,2023-02-03 21:48:43
76,podor,16.6527,-14.9587,76.95,38,0,2.3,MR,2023-02-03 21:48:44
77,panzhihua,26.5851,101.7128,46.65,48,0,1.99,CN,2023-02-03 21:45:34
78,ushuaia,-54.8,-68.3,53.26,66,75,25.32,AR,2023-02-03 21:48:45
79,severo-kurilsk,50.6789,156.125,26.89,78,99,10.54,RU,2023-02-03 21:44:46
80,tiksi,71.6872,128.8694,-33.0,100,91,1.01,RU,2023-02-03 21:48:46
81,bethel,41.3712,-73.414,16.11,36,75,12.66,US,2023-02-03 21:48:47
82,chokurdakh,70.6333,147.9167,-13.02,99,100,3.62,RU,2023-02-03 21:48:47
83,bengkulu,-3.8004,102.2655,74.75,89,100,4.9,ID,2023-02-03 21:48:48
84,kruisfontein,-34.0033,24.7314,66.11,88,52,5.03,ZA,2023-02-03 21:44:23
85,busselton,-33.65,115.3333,66.16,61,0,12.59,AU,2023-02-03 21:48:49
86,vanimo,-2.6741,141.3028,78.55,85,100,3.18,PG,2023-02-03 21:46:26
87,bathsheba,13.2167,-59.5167,81.21,65,40,17.27,BB,2023-02-03 21:48:51
88,ola,59.5833,151.2833,-9.56,89,31,7.49,RU,2023-02-03 21:48:52
89,leshukonskoye,64.8989,45.7622,11.17,98,100,0.51,RU,2023-02-03 21:48:52
90,mar del plata,-38.0023,-57.5575,71.94,74,40,14.97,AR,2023-02-03 21:48:24
91,hobart,-42.8794,147.3294,55.26,93,75,9.22,AU,2023-02-03 21:45:21
92,ahipara,-35.1667,173.1667,71.29,81,100,7.56,NZ,2023-02-03 21:44:15
93,bambous virieux,-20.3428,57.7575,77.25,94,40,5.75,MU,2023-02-03 21:48:54
94,puerto ayora,-0.7393,-90.3518,85.96,85,77,8.01,EC,2023-02-03 21:48:16
95,naze,28.3667,129.4833,56.32,73,99,9.01,JP,2023-02-03 21:48:55
96,coquimbo,-29.9533,-71.3436,67.73,72,40,10.36,CL,2023-02-03 21:48:56
97,chuy,-33.6971,-53.4616,69.24,84,88,11.01,UY,2023-02-03 21:45:06
98,swellendam,-34.0226,20.4417,66.56,74,0,8.7,ZA,2023-02-03 21:48:57
99,cockburn town,21.4612,-71.1419,77.04,77,3,15.73,TC,2023-02-03 21:48:57
100,sisimiut,66.9395,-53.6735,2.23,96,100,10.87,GL,2023-02-03 21:48:58
101,lima duarte,-21.8425,-43.7931,69.94,94,100,3.13,BR,2023-02-03 21:48:59
102,luau,-10.7073,22.2247,63.99,96,94,1.95,AO,2023-02-03 21:48:59
103,cartagena,10.3997,-75.5144,85.62,62,20,14.97,CO,2023-02-03 21:49:00
104,egvekinot,66.3167,-179.1667,-19.79,86,6,14.72,RU,2023-02-03 21:49:01
105,northam,51.0333,-4.2167,48.38,92,54,7.74,GB,2023-02-03 21:49:01
106,cherskiy,68.75,161.3,-21.1,100,97,0.92,RU,2023-02-03 21:49:07
107,tura,25.5198,90.2201,57.65,58,11,2.98,IN,2023-02-03 21:49:11
108,kodiak,57.79,-152.4072,35.11,69,75,6.91,US,2023-02-03 21:49:16
109,ribeira grande,38.5167,-28.7,61.77,94,75,14.0,PT,2023-02-03 21:45:41
110,grand gaube,-20.0064,57.6608,77.4,86,7,1.01,MU,2023-02-03 21:49:25
111,aldan,58.6031,125.3894,-2.7,98,100,5.61,RU,2023-02-03 21:49:28
112,kushmurun,52.4503,64.6311,-4.4,98,12,6.02,KZ,2023-02-03 21:49:32
113,surt,31.2089,16.5887,57.97,64,57,8.5,LY,2023-02-03 21:49:33
114,jiaojiang,28.6803,121.4428,46.0,83,100,4.23,CN,2023-02-03 21:49:34
115,pevek,69.7008,170.3133,-26.12,99,21,3.2,RU,2023-02-03 21:49:35
116,miranda,3.2499,-76.2281,84.33,78,100,4.81,CO,2023-02-03 21:49:36
117,susanville,40.4163,-120.653,44.44,64,75,10.36,US,2023-02-03 21:49:37
118,puli,23.9664,120.9695,61.21,78,71,3.74,TW,2023-02-03 21:49:37
119,dembi dolo,8.5333,34.8,65.39,35,29,4.16,ET,2023-02-03 21:49:38
120,esperance,-33.8667,121.9,61.23,77,77,10.38,AU,2023-02-03 21:49:39
121,grindavik,63.8424,-22.4338,36.07,75,75,39.12,IS,2023-02-03 21:49:39
122,yangambi,0.8102,24.4336,73.69,67,56,2.04,CD,2023-02-03 21:49:40
123,peniche,39.3558,-9.3811,51.46,87,0,11.25,PT,2023-02-03 21:49:41
124,codrington,-38.2667,141.9667,60.13,77,100,17.09,AU,2023-02-03 21:45:23
125,savelugu,9.6244,-0.8253,90.03,22,8,6.91,GH,2023-02-03 21:49:42
126,trelleborg,55.3751,13.1569,35.55,81,98,16.49,SE,2023-02-03 21:49:43
127,castro,-24.7911,-50.0119,65.08,95,100,9.69,BR,2023-02-03 21:49:44
128,ekibastuz,51.6667,75.3667,-5.37,99,66,3.89,KZ,2023-02-03 21:49:45
129,lompoc,34.6391,-120.4579,67.78,69,75,8.01,US,2023-02-03 21:49:46
130,kuruman,-27.4524,23.4325,70.99,48,69,6.69,ZA,2023-02-03 21:49:46
131,port lincoln,-34.7333,135.8667,61.41,64,68,8.5,AU,2023-02-03 21:49:47
132,thompson,55.7435,-97.8558,-7.44,77,100,3.44,CA,2023-02-03 21:49:47
133,imbituba,-28.24,-48.6703,73.51,97,100,3.47,BR,2023-02-03 21:49:48
134,saint anthony,45.0205,-93.218,2.66,55,100,11.5,US,2023-02-03 21:45:34
135,kardla,58.9978,22.7492,27.05,71,100,14.36,EE,2023-02-03 21:49:49
136,benjamin hill,30.1667,-111.1,73.49,12,44,1.16,MX,2023-02-03 21:49:50
137,soyo,-6.1349,12.3689,81.3,84,92,11.05,AO,2023-02-03 21:49:51
138,alyangula,-13.8483,136.4192,83.41,66,43,2.89,AU,2023-02-03 21:49:51
139,sao filipe,14.8961,-24.4956,71.87,69,92,13.62,CV,2023-02-03 21:49:52
140,wajima,37.4,136.9,40.91,83,95,10.54,JP,2023-02-03 21:49:53
141,atuona,-9.8,-139.0333,78.64,80,28,21.14,PF,2023-02-03 21:49:55
142,takoradi,4.8845,-1.7554,80.22,86,39,7.11,GH,2023-02-03 21:49:55
143,mount hagen,-5.8581,144.2274,60.03,98,100,1.05,PG,2023-02-03 21:49:56
144,cabo san lucas,22.8909,-109.9124,78.1,44,0,8.05,MX,2023-02-03 21:45:08
145,geraldton,-28.7667,114.6,79.21,29,76,12.66,AU,2023-02-03 21:49:57
146,porto walter,-8.2686,-72.7439,84.2,57,100,1.14,BR,2023-02-03 21:49:58
147,bandundu,-3.3167,17.3667,75.49,74,34,1.81,CD,2023-02-03 21:49:58
148,hami,42.8,93.45,26.31,45,94,4.41,CN,2023-02-03 21:49:59
149,vaitape,-16.5167,-151.75,81.21,76,15,16.98,PF,2023-02-03 21:50:00
150,nyurba,63.2842,118.3319,-24.48,100,100,2.98,RU,2023-02-03 21:45:41
151,aizpute,56.7167,21.6,27.63,74,100,7.4,LV,2023-02-03 21:50:01
152,college,64.8569,-147.8028,10.47,82,75,0.0,US,2023-02-03 21:45:11
153,poum,-20.2333,164.0167,81.9,75,40,6.62,NC,2023-02-03 21:50:06
154,batemans bay,-35.7167,150.1833,62.1,40,0,8.75,AU,2023-02-03 21:50:08
155,batamshinskiy,50.5594,58.2747,-1.5,88,18,8.63,KZ,2023-02-03 21:50:11
156,east london,-33.0153,27.9116,73.35,82,88,9.84,ZA,2023-02-03 21:50:29
157,luderitz,-26.6481,15.1594,63.61,79,3,14.05,NA,2023-02-03 21:50:33
158,sidi ali,36.0998,0.4206,50.94,76,100,7.29,DZ,2023-02-03 21:50:33
159,anchorage,61.2181,-149.9003,29.93,94,100,3.44,US,2023-02-03 21:47:40
160,puerto carreno,6.189,-67.4859,91.38,46,20,13.8,CO,2023-02-03 21:50:34
161,paita,-5.0892,-81.1144,77.76,71,45,16.55,PE,2023-02-03 21:50:35
162,tasiilaq,65.6145,-37.6368,26.76,81,100,10.42,GL,2023-02-03 21:50:36
163,vila velha,-20.3297,-40.2925,82.35,83,0,19.57,BR,2023-02-03 21:50:36
164,hambantota,6.1241,81.1185,75.54,100,75,4.61,LK,2023-02-03 21:50:36
165,severo-yeniseyskiy,60.3725,93.0408,-4.59,100,100,3.02,RU,2023-02-03 21:50:37
166,tuatapere,-46.1333,167.6833,77.99,53,2,5.37,NZ,2023-02-03 21:50:38
167,phan thiet,10.9333,108.1,72.79,79,98,6.58,VN,2023-02-03 21:50:38
168,pangoa,-12.1167,-73.0,70.0,96,100,1.52,PE,2023-02-03 21:50:38
169,fairbanks,64.8378,-147.7164,10.49,82,75,0.0,US,2023-02-03 21:50:00
170,ilulissat,69.2167,-51.1,8.62,72,75,0.0,GL,2023-02-03 21:50:39
171,mogadishu,2.0371,45.3438,75.78,75,92,19.28,SO,2023-02-03 21:50:40
172,dikson,73.5069,80.5464,3.74,96,100,0.54,RU,2023-02-03 21:50:41
173,gwembe,-16.4975,27.6069,64.47,93,89,3.09,ZM,2023-02-03 21:50:41
174,obera,-27.4871,-55.1199,68.72,95,95,3.83,AR,2023-02-03 21:50:42
175,kananga,-5.8958,22.4178,69.66,98,100,3.89,CD,2023-02-03 21:50:42
176,ostrovnoy,68.0531,39.5131,10.74,93,99,8.1,RU,2023-02-03 21:47:12
177,luanda,-8.8368,13.2343,80.6,78,40,11.5,AO,2023-02-03 21:48:47
178,sechenovo,55.2244,45.8906,25.95,94,100,5.32,RU,2023-02-03 21:50:43
179,rafai,4.95,23.9167,74.68,24,0,4.32,CF,2023-02-03 21:50:44
180,yellowknife,62.456,-114.3525,-10.68,70,75,5.75,CA,2023-02-03 21:47:01
181,sungaipenuh,-2.0833,101.3833,63.14,91,100,1.5,ID,2023-02-03 21:50:44
182,olafsvik,64.8945,-23.7142,35.62,76,74,42.52,IS,2023-02-03 21:50:45
183,nantucket,41.2835,-70.0995,21.25,32,0,26.46,US,2023-02-03 21:50:46
184,sinnamary,5.3833,-52.95,77.0,85,97,14.23,GF,2023-02-03 21:50:46
185,dudinka,69.4058,86.1778,11.14,96,100,8.23,RU,2023-02-03 21:50:47
186,leningradskiy,69.3833,178.4167,-27.36,100,100,0.83,RU,2023-02-03 21:50:47
187,osorno,-40.5667,-73.15,80.91,44,0,12.66,CL,2023-02-03 21:50:00
188,gaya,24.7833,85.0,51.71,87,90,0.0,IN,2023-02-03 21:50:48
189,katav-ivanovsk,54.7531,58.1956,5.02,94,27,4.05,RU,2023-02-03 21:50:49
190,haveli,30.4502,73.6989,55.53,38,2,3.98,PK,2023-02-03 21:50:49
191,mount isa,-20.7333,139.5,69.57,37,63,13.8,AU,2023-02-03 21:50:49
192,katsuura,35.1333,140.3,44.13,87,100,8.41,JP,2023-02-03 21:50:50
193,chinsali,-10.5414,32.0816,60.91,98,100,3.15,ZM,2023-02-03 21:50:51
194,lagoa,39.05,-27.9833,59.63,81,100,9.82,PT,2023-02-03 21:45:58
195,bereda,43.2686,-7.5406,37.65,90,0,0.27,ES,2023-02-03 21:50:52
196,qasigiannguit,68.8193,-51.1922,8.85,97,100,8.37,GL,2023-02-03 21:50:53
197,praia da vitoria,38.7333,-27.0667,60.76,94,40,11.92,PT,2023-02-03 21:50:54
198,visnes,59.3556,5.2242,38.21,86,20,9.22,NO,2023-02-03 21:50:54
199,suntar,62.1444,117.6319,-15.66,99,100,3.06,RU,2023-02-03 21:50:55
200,bollnas,61.3482,16.3946,12.6,93,34,4.18,SE,2023-02-03 21:50:55
201,iquique,-20.2208,-70.1431,78.84,81,37,2.48,CL,2023-02-03 21:50:56
202,vung tau,10.346,107.0843,76.26,80,100,14.12,VN,2023-02-03 21:50:57
203,saldanha,-33.0117,17.9442,64.45,88,0,11.03,ZA,2023-02-03 21:50:57
204,pangai,-19.8,-174.35,77.11,100,100,24.16,TO,2023-02-03 21:50:58
205,klaksvik,62.2266,-6.589,47.32,92,100,23.51,FO,2023-02-03 21:50:58
206,presidencia roque saenz pena,-26.7852,-60.4388,91.85,24,20,11.81,AR,2023-02-03 21:50:59
207,trincomalee,8.5711,81.2335,78.89,83,13,9.08,LK,2023-02-03 21:50:59
208,ternovka,51.678,41.6375,27.7,93,100,7.47,RU,2023-02-03 21:51:00
209,murray bridge,-35.1167,139.2667,59.13,67,67,12.03,AU,2023-02-03 21:51:00
210,mandalgovi,45.7625,106.2708,9.23,49,0,9.53,MN,2023-02-03 21:51:01
211,port shepstone,-30.7414,30.455,72.09,85,23,4.54,ZA,2023-02-03 21:51:01
212,penzance,50.1186,-5.5371,48.88,91,8,9.06,GB,2023-02-03 21:51:02
213,alice springs,-23.7,133.8833,58.55,82,0,0.0,AU,2023-02-03 21:51:03
214,kikwit,-5.041,18.8162,70.84,81,36,2.77,CD,2023-02-03 21:51:05
215,bunia,1.5667,30.25,68.47,37,52,1.92,CD,2023-02-03 21:51:07
216,vila,42.0304,-8.1588,36.7,64,0,3.6,PT,2023-02-03 21:51:08
217,tayga,56.06,85.6197,0.52,98,100,2.86,RU,2023-02-03 21:51:09
218,wamba,8.9333,8.6,80.85,16,92,4.18,NG,2023-02-03 21:51:13
219,butaritari,3.0707,172.7902,81.36,77,5,19.57,KI,2023-02-03 21:51:15
220,muncar,-8.4333,114.3333,74.19,94,100,4.47,ID,2023-02-03 21:51:17
221,makakilo city,21.3469,-158.0858,79.12,72,40,8.05,US,2023-02-03 21:51:19
222,caravelas,-17.7125,-39.2481,76.96,82,3,6.55,BR,2023-02-03 21:51:22
223,agustin codazzi,10.0341,-73.2361,93.18,25,8,2.86,CO,2023-02-03 21:51:24
224,palmer,42.1584,-72.3287,10.85,31,75,31.07,US,2023-02-03 21:48:37
225,teguldet,57.3064,88.1667,5.65,99,100,2.64,RU,2023-02-03 21:51:26
226,salym,60.0625,71.4789,-2.99,100,32,3.83,RU,2023-02-03 21:51:27
227,santa vitoria do palmar,-33.5189,-53.3681,69.75,82,92,11.27,BR,2023-02-03 21:51:29
228,provideniya,64.3833,-173.3,-6.63,90,65,11.68,RU,2023-02-03 21:51:31
229,uyuni,-20.4597,-66.825,55.02,55,71,24.05,BO,2023-02-03 21:51:32
230,souillac,-20.5167,57.5167,77.38,94,40,5.75,MU,2023-02-03 21:51:33
231,vao,-22.6667,167.4833,80.19,77,100,15.32,NC,2023-02-03 21:51:34
232,miandrivazo,-19.5167,45.4667,76.24,90,100,4.32,MG,2023-02-03 21:51:34
233,tazovskiy,67.4667,78.7,-10.86,100,100,3.56,RU,2023-02-03 21:51:35
234,bonavista,48.6499,-53.1147,31.98,97,100,41.5,CA,2023-02-03 21:51:35
235,rosetta,31.4044,30.4164,56.37,68,8,14.41,EG,2023-02-03 21:51:36
236,coihaique,-45.5752,-72.0662,81.21,49,52,7.14,CL,2023-02-03 21:51:36
237,touros,-5.1989,-35.4608,80.28,74,66,14.47,BR,2023-02-03 21:51:37
238,polson,47.6936,-114.1632,35.49,86,96,1.3,US,2023-02-03 21:48:33
239,xaltianguis,17.0667,-99.8333,78.31,40,6,8.55,MX,2023-02-03 21:51:39
240,faya,18.3851,42.4509,55.51,74,67,4.54,SA,2023-02-03 21:50:44
241,luena,-11.7833,19.9167,64.26,91,85,3.24,AO,2023-02-03 21:51:05
242,basoko,1.2391,23.616,77.59,57,67,1.92,CD,2023-02-03 21:51:40
243,avarua,-21.2078,-159.775,84.25,79,84,13.8,CK,2023-02-03 21:51:40
244,shenjiamen,29.9576,122.298,44.56,68,100,9.06,CN,2023-02-03 21:51:41
245,hofn,64.2539,-15.2082,41.95,78,100,33.04,IS,2023-02-03 21:51:41
246,norman wells,65.282,-126.8329,-29.16,75,75,3.44,CA,2023-02-03 21:51:41
247,port hardy,50.6996,-127.4199,48.38,66,100,16.11,CA,2023-02-03 21:51:42
248,buarcos,40.166,-8.8768,48.54,73,0,8.84,PT,2023-02-03 21:51:42
249,faanui,-16.4833,-151.75,81.16,76,14,16.98,PF,2023-02-03 21:51:42
250,sala,34.0389,-6.8166,51.75,87,0,0.0,MA,2023-02-03 21:51:43
251,talcahuano,-36.7167,-73.1167,62.28,77,31,12.66,CL,2023-02-03 21:51:43
252,esso,55.9333,158.7,-5.91,97,100,3.62,RU,2023-02-03 21:51:44
253,vero beach,27.6386,-80.3973,67.01,83,100,14.97,US,2023-02-03 21:51:30
254,pisco,-13.7,-76.2167,77.05,78,0,20.71,PE,2023-02-03 21:51:44
255,demyansk,57.643,32.466,18.36,98,99,3.62,RU,2023-02-03 21:51:44
256,broken hill,-31.95,141.4333,56.17,57,0,10.25,AU,2023-02-03 21:51:45
257,urumqi,43.801,87.6005,11.35,79,78,2.24,CN,2023-02-03 21:51:08
258,kabare,-2.4683,28.8242,59.83,89,63,0.83,CD,2023-02-03 21:51:45
259,winnemucca,40.973,-117.7357,42.49,55,83,1.57,US,2023-02-03 21:49:13
260,yar-sale,66.8333,70.8333,14.45,96,100,5.55,RU,2023-02-03 21:51:46
261,yulara,-25.2406,130.9889,64.44,44,0,13.91,AU,2023-02-03 21:51:46
262,kavaratti,10.5669,72.642,81.21,66,97,7.54,IN,2023-02-03 21:51:46
263,methoni,36.8197,21.7049,47.21,66,1,8.77,GR,2023-02-03 21:51:47
264,namibe,-15.1961,12.1522,72.61,75,96,5.91,AO,2023-02-03 21:51:47
265,calabozo,8.9242,-67.4293,92.59,28,3,4.9,VE,2023-02-03 21:51:48
266,brae,60.3964,-1.353,42.73,91,100,18.68,GB,2023-02-03 21:51:48
267,anadyr,64.75,177.4833,-7.1,77,0,4.47,RU,2023-02-03 21:51:48
268,paracale,14.2804,122.7881,74.71,87,55,13.69,PH,2023-02-03 21:51:49
269,kahului,20.8947,-156.47,80.62,68,40,14.97,US,2023-02-03 21:51:49
270,haines junction,60.7522,-137.5108,6.75,78,99,1.14,CA,2023-02-03 21:51:50
271,kieta,-6.2167,155.6333,82.33,78,100,3.36,PG,2023-02-03 21:51:50
272,muyezerskiy,63.9333,31.65,19.71,95,100,9.66,RU,2023-02-03 21:51:50
273,awbari,26.5921,12.7805,58.17,33,100,16.11,LY,2023-02-03 21:51:51
274,paralimni,35.0375,33.9833,48.15,96,100,1.99,CY,2023-02-03 21:51:51
275,jining,35.405,116.5814,31.75,67,38,2.8,CN,2023-02-03 21:51:52
276,astana,51.1801,71.446,-2.25,84,75,8.95,KZ,2023-02-03 21:51:52
277,byron bay,-28.65,153.6167,80.71,76,74,10.42,AU,2023-02-03 21:51:53
278,kamiiso,41.8167,140.65,21.58,79,75,4.61,JP,2023-02-03 21:51:53
279,vila franca do campo,37.7167,-25.4333,59.41,90,42,7.94,PT,2023-02-03 21:51:54
280,santa rosa,14.3122,121.1114,77.02,81,96,12.71,PH,2023-02-03 21:51:54
281,san andres,12.5847,-81.7006,77.02,83,100,13.8,CO,2023-02-03 21:51:55
282,kerrville,30.0474,-99.1403,60.94,48,0,3.44,US,2023-02-03 21:47:56
283,alakurtti,66.9672,30.3491,4.53,100,97,4.47,RU,2023-02-03 21:51:55
284,verkhniy fiagdon,42.8333,44.3053,14.67,60,53,11.07,RU,2023-02-03 21:51:56
285,inhuma,-6.6683,-41.7078,80.89,51,94,4.25,BR,2023-02-03 21:51:56
286,taoudenni,22.6783,-3.9836,59.92,25,100,9.26,ML,2023-02-03 21:51:57
287,fujin,47.26,132.0322,-18.98,100,67,3.49,CN,2023-02-03 21:51:57
288,veraval,20.9,70.3667,70.12,35,2,9.17,IN,2023-02-03 21:51:57
289,moussoro,13.6408,16.4901,73.18,12,98,11.92,TD,2023-02-03 21:51:58
290,paraiso,9.8383,-83.8656,74.88,76,58,7.11,CR,2023-02-03 21:51:58
291,treinta y tres,-33.2333,-54.3833,67.1,90,100,9.48,UY,2023-02-03 21:51:59
292,kavieng,-2.5744,150.7967,81.72,77,100,5.97,PG,2023-02-03 21:51:59
293,sampit,-2.5333,112.95,72.93,98,100,2.42,ID,2023-02-03 21:51:59
294,gat,31.61,34.7642,54.39,100,10,7.72,IL,2023-02-03 21:52:00
295,maniitsoq,65.4167,-52.9,7.38,94,100,3.11,GL,2023-02-03 21:52:00
296,inirida,3.8653,-67.9239,85.05,57,52,1.14,CO,2023-02-03 21:52:01
297,borogontsy,62.6683,131.1683,-20.94,97,100,7.54,RU,2023-02-03 21:52:01
298,gornopravdinsk,60.05,69.9,-1.23,99,65,3.4,RU,2023-02-03 21:52:02
299,troitsko-pechorsk,62.7084,56.1964,17.56,96,100,4.27,RU,2023-02-03 21:47:32
300,governador valadares,-18.8511,-41.9494,77.76,75,1,1.52,BR,2023-02-03 21:48:52
301,puri,19.8,85.85,68.2,62,57,4.83,IN,2023-02-03 21:52:36
302,channel-port aux basques,47.5702,-59.1367,16.75,78,100,35.54,CA,2023-02-03 21:52:36
303,alofi,-19.0595,-169.9187,75.09,100,100,6.91,NU,2023-02-03 21:52:36
304,shingu,33.7333,135.9833,38.82,62,100,5.64,JP,2023-02-03 21:52:37
305,outlook,51.5001,-107.0513,20.23,88,43,5.46,CA,2023-02-03 21:52:37
306,komsomolskiy,40.4272,71.7189,41.72,87,40,4.61,UZ,2023-02-03 21:52:38
307,yumen,40.2833,97.2,18.77,49,63,7.96,CN,2023-02-03 21:52:38
308,sehithwa,-20.4667,22.7167,71.15,85,100,2.75,BW,2023-02-03 21:52:38
309,tavda,58.0425,65.2726,3.7,92,21,4.18,RU,2023-02-03 21:52:39
310,paramonga,-10.6667,-77.8333,73.98,80,95,8.28,PE,2023-02-03 21:52:39
311,san cristobal,7.7669,-72.225,78.98,35,8,4.52,VE,2023-02-03 21:52:39
312,olga,43.7444,135.2892,6.6,74,100,4.74,RU,2023-02-03 21:52:41
313,christchurch,-43.5333,172.6333,87.33,49,0,3.44,NZ,2023-02-03 21:51:55
314,rio grande,-32.035,-52.0986,78.91,76,37,12.46,BR,2023-02-03 21:52:42
315,necochea,-38.5473,-58.7368,68.95,62,0,13.44,AR,2023-02-03 21:52:42
316,honningsvag,70.9821,25.9704,26.35,80,0,16.11,NO,2023-02-03 21:52:43
317,kalmunai,7.4167,81.8167,75.45,86,28,5.1,LK,2023-02-03 21:52:43
318,puerto narino,-3.7703,-70.3831,77.72,94,68,0.94,CO,2023-02-03 21:52:43
319,challapata,-18.9,-66.7667,53.73,60,100,16.44,BO,2023-02-03 21:52:44
320,bolobo,-2.1667,16.2333,75.49,73,79,3.29,CD,2023-02-03 21:52:44
321,fare,-16.7,-151.0167,81.54,75,24,15.79,PF,2023-02-03 21:52:45
322,khawhai,23.3667,93.1167,39.92,43,87,2.66,IN,2023-02-03 21:52:45
323,powell river,49.8496,-124.5361,44.6,75,100,18.41,CA,2023-02-03 21:51:49
324,broome,42.2506,-75.833,6.71,69,100,24.16,US,2023-02-03 21:52:46
325,northport,33.229,-87.5772,51.62,38,0,11.5,US,2023-02-03 21:52:46
326,sembakung,3.8167,117.25,71.15,99,100,1.9,ID,2023-02-03 21:52:47
327,les cayes,18.2,-73.75,79.29,67,30,9.89,HT,2023-02-03 21:52:47
328,fukue,32.6881,128.8419,47.25,63,100,21.47,JP,2023-02-03 21:52:48
329,sao joao da barra,-21.6403,-41.0511,84.29,87,18,15.23,BR,2023-02-03 21:52:48
330,tabou,4.423,-7.3528,79.34,85,53,5.95,CI,2023-02-03 21:52:48
331,labuhan,-6.8844,112.2051,77.63,89,100,9.98,ID,2023-02-03 21:52:49
332,kautokeino,69.0125,23.0412,2.59,100,100,2.89,NO,2023-02-03 21:52:49
333,champerico,14.3,-91.9167,90.14,62,16,11.52,GT,2023-02-03 21:52:50
334,carutapera,-1.195,-46.02,76.98,87,27,8.37,BR,2023-02-03 21:52:50
335,clyde river,70.4692,-68.5914,-21.77,63,75,13.8,CA,2023-02-03 21:52:51
336,bilma,18.6853,12.9164,70.05,14,24,7.74,NE,2023-02-03 21:52:51
337,poli,-3.3333,36.8,68.27,73,40,12.66,TZ,2023-02-03 21:52:52
338,abu kamal,34.4506,40.9171,49.28,57,45,9.06,SY,2023-02-03 21:52:52
339,kazachinskoye,57.6953,93.2761,-7.46,100,100,1.1,RU,2023-02-03 21:52:52
340,sao lourenco do sul,-31.3653,-51.9783,74.86,82,33,8.23,BR,2023-02-03 21:52:53
341,te anau,-45.4167,167.7167,74.07,62,7,2.26,NZ,2023-02-03 21:52:53
342,chapais,49.7834,-74.8492,-27.62,85,100,14.99,CA,2023-02-03 21:52:54
343,husavik,66.0449,-17.3389,41.77,71,100,23.06,IS,2023-02-03 21:52:54
344,havre-saint-pierre,50.2334,-63.5986,1.4,78,100,27.63,CA,2023-02-03 21:52:55
345,muros,42.7762,-9.0603,43.09,91,0,5.17,ES,2023-02-03 21:52:55
346,pauini,-7.7136,-66.9764,77.72,95,87,1.81,BR,2023-02-03 21:52:55
347,prosec,49.8059,16.1162,40.05,96,100,23.44,CZ,2023-02-03 21:52:56
348,pafos,34.7667,32.4167,47.98,87,40,5.75,CY,2023-02-03 21:52:56
349,farafangana,-22.8167,47.8333,74.5,90,81,4.63,MG,2023-02-03 21:52:57
350,meulaboh,4.1363,96.1285,75.65,89,94,3.98,ID,2023-02-03 21:52:57
351,cam ranh,11.9214,109.1591,76.96,78,20,5.75,VN,2023-02-03 21:52:58
352,havelock,34.8791,-76.9013,48.2,52,20,16.11,US,2023-02-03 21:52:58
353,bukoba,-1.3317,31.8122,67.98,88,20,0.0,TZ,2023-02-03 21:52:58
354,lethem,3.3803,-59.7968,89.65,58,40,13.8,GY,2023-02-03 21:52:59
355,harper,4.375,-7.7169,79.56,84,8,5.95,LR,2023-02-03 21:52:59
356,lorengau,-2.0226,147.2712,81.75,73,100,0.74,PG,2023-02-03 21:53:00
357,nishihara,26.1842,127.7558,61.88,70,100,3.44,JP,2023-02-03 21:53:00
358,alta floresta,-9.8756,-56.0861,75.7,90,100,2.95,BR,2023-02-03 21:53:00
359,derzhavinsk,51.1,66.3167,-1.14,97,6,8.81,KZ,2023-02-03 21:53:01
360,malakal,9.5334,31.6605,77.23,14,99,7.34,SS,2023-02-03 21:53:02
361,ankazoabo,-22.2833,44.5167,72.5,83,77,5.17,MG,2023-02-03 21:53:05
362,ishinomaki,38.4167,141.3,26.6,76,28,3.51,JP,2023-02-03 21:48:59
363,keffi,8.8486,7.8736,83.79,16,100,3.91,NG,2023-02-03 21:53:11
364,booue,-0.0921,11.9385,78.94,67,88,1.63,GA,2023-02-03 21:53:15
365,buy,58.4786,41.53,23.07,97,98,6.04,RU,2023-02-03 21:53:17
366,puerto castilla,16.0167,-85.9667,84.15,65,75,0.0,HN,2023-02-03 21:53:19
367,rangoon,16.8053,96.1561,73.36,88,13,2.3,MM,2023-02-03 21:53:21
368,olinda,-8.0089,-34.8553,82.13,69,75,9.22,BR,2023-02-03 21:53:22
369,guilin,25.2819,110.2864,42.91,92,100,4.41,CN,2023-02-03 21:53:24
370,torbay,47.6666,-52.7314,37.27,95,100,31.07,CA,2023-02-03 21:53:25
371,westport,41.1415,-73.3579,19.44,34,20,19.57,US,2023-02-03 21:52:26
372,khuzdar,27.7384,66.6434,56.66,50,4,4.43,PK,2023-02-03 21:53:28
373,zabaykalsk,49.6333,117.3167,-10.53,99,72,5.39,RU,2023-02-03 21:53:30
374,lavrentiya,65.5833,-171.0,-17.01,92,21,8.25,RU,2023-02-03 21:53:32
375,ipora,-16.4419,-51.1178,72.3,91,91,4.81,BR,2023-02-03 21:53:32
376,rehoboth,-23.3167,17.0833,75.13,51,100,11.88,NA,2023-02-03 21:53:33
377,merauke,-8.4667,140.3333,80.1,83,100,13.65,ID,2023-02-03 21:53:33
378,kulu,39.0951,33.0799,30.7,80,100,4.81,TR,2023-02-03 21:53:34
379,novo aripuana,-5.1206,-60.3797,76.1,95,98,0.65,BR,2023-02-03 21:53:34
380,tucumcari,35.1717,-103.725,63.95,21,0,26.46,US,2023-02-03 21:53:35
381,marzuq,14.4,46.4667,64.45,37,39,3.0,YE,2023-02-03 21:53:36
382,batagay,67.6333,134.6333,-30.48,100,100,1.79,RU,2023-02-03 21:53:36
383,sao sebastiao,-23.76,-45.4097,79.14,82,98,3.89,BR,2023-02-03 21:53:37
384,srednekolymsk,67.45,153.6833,-14.37,98,100,9.78,RU,2023-02-03 21:53:37
385,boulder city,35.9786,-114.8325,60.26,26,0,0.0,US,2023-02-03 21:50:10
386,grenfell,-33.9,148.1667,53.46,45,0,11.97,AU,2023-02-03 21:53:38
387,hauterive,46.0901,3.4459,41.76,95,79,1.14,FR,2023-02-03 21:53:39
388,bognor regis,50.7821,-0.6798,49.33,89,5,9.48,GB,2023-02-03 21:53:39
389,tacuarembo,-31.7333,-55.9833,72.57,73,78,9.55,UY,2023-02-03 21:53:39
390,voh,-20.9667,164.7,86.67,66,34,3.87,NC,2023-02-03 21:53:40
391,koumac,-20.5667,164.2833,84.79,68,36,3.09,NC,2023-02-03 21:53:40
392,oranjemund,-28.55,16.4333,61.43,95,3,5.68,NA,2023-02-03 21:53:41
393,salalah,17.0151,54.0924,75.29,69,40,2.3,OM,2023-02-03 21:53:41
394,banes,20.9625,-75.7186,79.2,65,28,12.48,CU,2023-02-03 21:53:42
395,talaya,61.3833,152.75,-27.89,100,100,0.11,RU,2023-02-03 21:53:42
396,wexford,52.3342,-6.4575,49.89,92,100,8.99,IE,2023-02-03 21:53:30
397,marsa matruh,31.3525,27.2453,55.6,76,75,11.5,EG,2023-02-03 21:53:43
398,riberalta,-10.9833,-66.1,79.0,83,75,9.22,BO,2023-02-03 21:53:43
399,belaya gora,68.5333,146.4167,-22.49,98,98,3.69,RU,2023-02-03 21:53:43
400,bandarbeyla,9.4942,50.8122,73.99,69,85,18.12,SO,2023-02-03 21:53:44
401,busayra,30.7376,35.6078,42.06,70,1,2.82,JO,2023-02-03 21:53:44
402,the valley,18.217,-63.0578,80.74,69,40,13.8,AI,2023-02-03 21:53:45
403,iranshahr,27.2025,60.6848,59.34,72,0,4.61,IR,2023-02-03 21:53:45
404,kloulklubed,7.0419,134.2556,77.5,72,98,18.97,PW,2023-02-03 21:53:46
405,hervey bay,-25.2986,152.8535,81.36,81,60,10.4,AU,2023-02-03 21:53:46
406,mingaora,34.7758,72.3625,50.41,68,92,5.12,PK,2023-02-03 21:53:47
407,vardo,70.3705,31.1107,21.18,86,75,20.71,NO,2023-02-03 21:53:47
408,menongue,-14.6585,17.691,64.81,87,99,2.84,AO,2023-02-03 21:53:47
409,lata,40.1629,-8.3327,43.07,77,0,3.6,PT,2023-02-03 21:53:48
410,svetlogorsk,52.6333,29.7333,24.19,87,99,4.72,BY,2023-02-03 21:53:49
411,kwekwe,-18.9281,29.8149,66.72,96,88,4.72,ZW,2023-02-03 21:53:49
412,chelbasskaya,45.9792,39.3719,36.82,89,92,13.69,RU,2023-02-03 21:53:49
413,yilan,24.757,121.753,66.02,99,100,3.27,TW,2023-02-03 21:53:50
414,fort frances,48.5999,-93.4003,-1.84,54,75,6.91,CA,2023-02-03 21:53:50
415,rabo de peixe,37.8,-25.5833,58.51,94,40,8.05,PT,2023-02-03 21:53:51
416,saint-augustin,51.226,-58.6502,24.01,94,100,12.24,CA,2023-02-03 21:53:52
417,george,-33.963,22.4617,62.15,88,10,6.91,ZA,2023-02-03 21:53:52
418,ewo,-0.8725,14.8206,77.88,62,45,1.36,CG,2023-02-03 21:53:53
419,ongole,15.5,80.05,72.32,82,0,1.03,IN,2023-02-03 21:53:53
420,chernyshevskiy,63.0128,112.4714,-25.6,100,96,2.13,RU,2023-02-03 21:53:54
421,moose factory,51.2585,-80.6094,-20.2,52,0,12.66,CA,2023-02-03 21:53:54
422,dharchula,29.85,80.5333,50.63,29,0,8.39,IN,2023-02-03 21:53:55
423,porto novo,6.4965,2.6036,84.02,84,20,7.65,BJ,2023-02-03 21:53:55
424,tigil,57.8,158.6667,-20.45,100,52,2.86,RU,2023-02-03 21:53:55
425,comrat,46.3003,28.6572,30.04,86,98,6.62,MD,2023-02-03 21:53:56
426,jalu,29.0331,21.5482,56.21,44,100,3.96,LY,2023-02-03 21:54:04
427,selishche,56.8879,33.2691,15.03,98,94,4.12,RU,2023-02-03 21:54:06
428,sumenep,-7.0167,113.8667,77.02,92,100,14.41,ID,2023-02-03 21:54:07
429,englewood,39.6478,-104.9878,58.05,17,75,9.22,US,2023-02-03 21:49:18
430,dubbo,-32.25,148.6167,59.13,55,0,9.22,AU,2023-02-03 21:54:09
431,kondinskoye,59.6481,67.41,1.71,99,70,4.59,RU,2023-02-03 21:54:11
432,shatalovo,54.334,32.4465,18.84,97,91,6.04,RU,2023-02-03 21:54:13
433,port blair,11.6667,92.75,78.84,89,40,0.0,IN,2023-02-03 21:54:14
434,luganville,-15.5333,167.1667,84.69,73,79,4.07,VU,2023-02-03 21:54:15
435,arraial do cabo,-22.9661,-42.0278,82.26,69,40,10.36,BR,2023-02-03 21:54:18
436,talnakh,69.4865,88.3972,10.65,96,100,4.99,RU,2023-02-03 21:54:19
437,quelimane,-17.8786,36.8883,80.55,83,0,3.44,MZ,2023-02-03 21:54:20
438,aksu,41.1231,80.2644,20.64,88,100,1.88,CN,2023-02-03 21:54:23
439,flinders,-34.5833,150.8552,65.37,56,0,11.99,AU,2023-02-03 21:54:26
440,mitu,1.1983,-70.1733,83.12,58,76,2.73,CO,2023-02-03 21:54:28
441,zamboanga,6.9103,122.0739,75.16,94,75,0.0,PH,2023-02-03 21:54:32
442,caorle,45.5966,12.8758,42.24,83,58,7.4,IT,2023-02-03 21:54:34
443,shahr-e kord,32.3256,50.8644,13.77,52,0,9.22,IR,2023-02-03 21:54:35
444,eregli,37.5133,34.0467,31.08,68,100,2.01,TR,2023-02-03 21:54:35
445,obama,35.4958,135.746,37.63,81,53,4.97,JP,2023-02-03 21:54:36
446,sao felix do xingu,-6.6447,-51.995,75.27,90,66,3.29,BR,2023-02-03 21:54:36
447,constitucion,-35.3333,-72.4167,66.38,75,14,8.05,CL,2023-02-03 21:54:37
448,bismarck,46.8083,-100.7837,13.64,73,0,16.11,US,2023-02-03 21:41:19
449,alekseyevsk,57.8406,108.3492,8.55,96,100,6.2,RU,2023-02-03 21:54:37
450,gornyy,55.1153,83.9059,-5.55,100,97,3.22,RU,2023-02-03 21:54:38
451,ixcatepec,21.2,-97.95,67.66,42,40,5.79,MX,2023-02-03 21:54:38
452,skjervoy,70.0311,20.9714,15.8,61,85,10.85,NO,2023-02-03 21:54:38
453,likhoslavl,57.1275,35.464,20.5,97,98,5.37,RU,2023-02-03 21:54:39
454,oranjestad,12.524,-70.027,82.35,74,20,21.85,AW,2023-02-03 21:54:39
455,raha,26.2333,92.5167,60.06,58,0,2.39,IN,2023-02-03 21:54:40
456,pokhara,28.2333,83.9833,54.73,31,0,5.1,NP,2023-02-03 21:54:40
457,junin,-34.5838,-60.9433,79.9,50,48,9.57,AR,2023-02-03 21:54:40
458,lannion,48.75,-3.4167,48.18,79,100,2.3,FR,2023-02-03 21:54:41
459,campbell river,50.0163,-125.2446,43.45,100,100,10.36,CA,2023-02-03 21:54:41
460,padang,-0.9492,100.3543,71.65,83,99,3.98,ID,2023-02-03 21:54:42
461,suba,10.8438,121.0102,79.32,83,92,24.99,PH,2023-02-03 21:54:42
462,basco,20.4487,121.9702,74.86,70,90,17.31,PH,2023-02-03 21:54:42
463,richards bay,-28.783,32.0377,71.82,94,85,5.44,ZA,2023-02-03 21:54:43
464,korla,41.7597,86.1469,23.94,67,23,2.28,CN,2023-02-03 21:54:43
465,kot diji,27.3427,68.7083,55.42,26,0,3.83,PK,2023-02-03 21:54:44
466,kenai,60.5544,-151.2583,29.08,94,100,3.44,US,2023-02-03 21:54:44
467,ihosy,-22.4,46.1167,67.37,91,84,8.1,MG,2023-02-03 21:54:44
468,pingliang,35.5392,106.6861,29.39,41,31,2.98,CN,2023-02-03 21:54:45
469,seydi,39.4816,62.9137,38.34,73,0,5.64,TM,2023-02-03 21:54:45
470,zharkent,44.1628,80.0,25.32,85,84,3.71,KZ,2023-02-03 21:54:45
471,henties bay,-22.116,14.2845,63.95,85,50,5.19,NA,2023-02-03 21:54:46
472,saint-medard-en-jalles,44.8969,-0.7214,39.42,87,0,2.3,FR,2023-02-03 21:54:46
473,madimba,-10.4,40.3333,78.12,94,20,11.5,TZ,2023-02-03 21:54:47
474,alice town,25.7167,-79.3,77.29,75,7,13.49,BS,2023-02-03 21:54:47
475,najran,17.4924,44.1277,61.45,35,51,3.2,SA,2023-02-03 21:54:47
476,chimore,-16.9833,-65.1333,71.42,99,100,1.23,BO,2023-02-03 21:54:48
477,aitape,-3.1374,142.3475,78.46,83,100,4.83,PG,2023-02-03 21:54:48
478,los llanos de aridane,28.6585,-17.9182,56.95,68,0,10.36,ES,2023-02-03 21:54:49
479,panjab,34.388,67.0233,17.82,97,99,1.52,AF,2023-02-03 21:54:49
480,beloha,-25.1667,45.05,73.51,85,90,8.57,MG,2023-02-03 21:54:50
481,bezhanitsy,56.9767,29.8907,15.42,97,100,4.18,RU,2023-02-03 21:54:50
482,mehamn,71.0357,27.8492,28.31,86,75,14.97,NO,2023-02-03 21:54:50
483,goma,-1.6792,29.2228,60.94,86,30,3.33,CD,2023-02-03 21:54:51
484,tevriz,57.509,72.4042,14.58,99,99,2.21,RU,2023-02-03 21:54:51
485,rocha,-34.4833,-54.3333,66.69,83,100,11.01,UY,2023-02-03 21:54:52
486,eureka,40.8021,-124.1637,59.2,70,99,8.01,US,2023-02-03 21:54:52
487,kaniama,-7.5667,24.1833,66.87,94,87,2.33,CD,2023-02-03 21:54:53
488,araouane,18.9048,-3.5265,60.87,13,84,14.09,ML,2023-02-03 21:54:53
489,whitefish,48.4111,-114.3376,35.11,82,40,0.0,US,2023-02-03 21:54:54
490,marsaxlokk,35.8419,14.5431,47.01,93,0,4.61,MT,2023-02-03 21:54:54
491,cayenne,4.9333,-52.3333,80.64,78,75,11.5,GF,2023-02-03 21:54:54
492,kailua,21.4022,-157.7394,82.38,85,100,11.5,US,2023-02-03 21:54:55
493,dingle,10.9995,122.6711,73.96,93,100,7.96,PH,2023-02-03 21:54:55
494,cidreira,-30.1811,-50.2056,75.63,85,100,5.17,BR,2023-02-03 21:54:56
495,asfi,32.2994,-9.2372,55.83,55,0,6.24,MA,2023-02-03 21:54:56
496,singkang,2.1006,102.7994,73.13,96,100,5.73,MY,2023-02-03 21:54:57
497,shetpe,44.1667,52.1167,30.31,96,100,14.5,KZ,2023-02-03 21:54:57
498,krivosheino,57.3431,83.9261,6.3,99,100,2.91,RU,2023-02-03 21:54:58
499,ulaanbaatar,47.9077,106.8832,-18.27,76,3,2.24,MN,2023-02-03 21:54:58
500,kilindoni,-7.9139,39.6668,81.41,79,98,7.14,TZ,2023-02-03 21:54:59
501,kirakira,-10.4544,161.9205,83.59,75,79,2.51,SB,2023-02-03 21:54:59
502,kuzhener,56.8111,48.9128,20.61,97,100,4.52,RU,2023-02-03 21:54:59
503,sorland,67.667,12.6934,37.26,77,70,20.87,NO,2023-02-03 21:55:00
504,wahpeton,46.2652,-96.6059,4.93,65,0,25.32,US,2023-02-03 21:52:02
505,nueva colombia,-25.1833,-57.35,85.95,54,20,9.22,PY,2023-02-03 21:55:00
506,guerrero negro,27.9769,-114.0611,68.83,33,100,9.78,MX,2023-02-03 21:55:01
507,payakumbuh,-0.2202,100.6308,70.14,95,100,2.62,ID,2023-02-03 21:55:02
508,vestmannaeyjar,63.4427,-20.2734,38.07,61,100,40.13,IS,2023-02-03 21:55:05
509,maningrida,-12.0667,134.2667,79.41,82,98,5.1,AU,2023-02-03 21:55:09
510,hay river,60.8156,-115.7999,-2.24,71,100,2.3,CA,2023-02-03 21:55:14
511,nuuk,64.1835,-51.7216,14.61,92,100,12.66,GL,2023-02-03 21:55:17
512,idenao,4.2475,9.0047,79.92,87,59,3.74,CM,2023-02-03 21:55:20
513,mayo,38.8876,-76.5119,29.28,33,0,19.57,US,2023-02-03 21:55:25
514,baraboo,43.4711,-89.7443,6.94,48,100,4.61,US,2023-02-03 21:55:32
515,chengde,40.9725,117.9361,17.01,59,0,3.89,CN,2023-02-03 21:55:36
516,singarayakonda,15.25,80.0333,72.39,82,0,0.74,IN,2023-02-03 21:55:37
517,la tuque,47.4334,-72.7824,-21.75,57,100,14.97,CA,2023-02-03 21:54:09
518,waupun,43.6333,-88.7296,4.86,76,24,3.53,US,2023-02-03 21:55:39
519,kpandae,8.4689,-0.0113,92.82,28,93,2.53,GH,2023-02-03 21:55:39
520,itaituba,-4.2761,-55.9836,89.76,58,75,10.36,BR,2023-02-03 21:55:40
521,kantorjanosi,47.9333,22.15,33.55,100,100,7.07,HU,2023-02-03 21:55:40
522,iisalmi,63.5592,27.1907,13.33,94,91,7.54,FI,2023-02-03 21:55:41
523,kaeo,-35.1,173.7833,74.32,90,100,6.55,NZ,2023-02-03 21:55:41
524,lensk,60.7253,114.9278,-5.71,99,100,2.91,RU,2023-02-03 21:55:42
525,chanika,-5.4167,38.0167,68.23,98,99,1.59,TZ,2023-02-03 21:55:43
526,raudeberg,61.9875,5.1352,32.86,74,94,7.99,NO,2023-02-03 21:55:43
527,stykkisholmur,65.0757,-22.7297,33.8,76,76,40.09,IS,2023-02-03 21:55:44
528,guanica,17.9716,-66.908,82.11,70,5,11.61,PR,2023-02-03 21:55:44
529,camalu,30.85,-116.0667,64.2,41,100,8.57,MX,2023-02-03 21:55:45
530,tekeli,44.83,78.8239,26.85,69,100,7.36,KZ,2023-02-03 21:55:45
531,marawi,7.9986,124.2928,62.44,86,57,2.3,PH,2023-02-03 21:55:46
532,turukhansk,65.8167,87.9833,9.68,96,100,5.82,RU,2023-02-03 21:55:46
533,key west,24.5557,-81.7826,81.0,74,20,9.22,US,2023-02-03 21:51:24
534,yarega,63.4354,53.5765,11.77,96,100,2.73,RU,2023-02-03 21:55:47
535,lima,-12.0432,-77.0282,73.65,78,40,17.27,PE,2023-02-03 21:47:40
536,santa margherita ligure,44.3346,9.212,55.76,82,100,1.01,IT,2023-02-03 21:55:48
537,rock sound,24.9,-76.2,77.4,68,1,8.72,BS,2023-02-03 21:55:48
538,santiago,-33.4569,-70.6483,93.29,31,0,18.41,CL,2023-02-03 21:53:32
539,mancora,-4.1078,-81.0475,80.74,65,47,18.23,PE,2023-02-03 21:55:49
540,mayor pablo lagerenza,-19.9309,-60.7718,71.08,94,100,3.0,PY,2023-02-03 21:55:50
541,ladario,-19.0047,-57.6017,79.09,89,100,6.91,BR,2023-02-03 21:55:50
542,chaplynka,46.3651,33.5403,35.35,85,92,9.98,UA,2023-02-03 21:55:51
543,ahuimanu,21.4447,-157.8378,82.11,81,100,11.5,US,2023-02-03 21:55:51
544,ciechocinek,52.8791,18.7951,37.56,98,100,12.28,PL,2023-02-03 21:55:51
545,atambua,-9.1061,124.8925,72.34,94,100,1.45,ID,2023-02-03 21:55:52
546,port macquarie,-31.4333,152.9167,77.9,42,0,14.03,AU,2023-02-03 21:55:53
547,aswan,24.0934,32.907,60.1,26,0,11.5,EG,2023-02-03 21:55:53
548,sitka,57.0531,-135.33,42.69,81,40,0.0,US,2023-02-03 21:55:54
549,lazaro cardenas,17.9583,-102.2,83.79,51,1,9.19,MX,2023-02-03 21:53:11
550,vostok,46.4856,135.8833,-11.11,99,98,4.65,RU,2023-02-03 21:55:54
551,pacifica,37.6138,-122.4869,56.41,91,100,4.61,US,2023-02-03 21:55:55
552,petropavlovsk-kamchatskiy,53.0452,158.6483,16.39,57,75,4.47,RU,2023-02-03 21:55:55
553,praia,14.9215,-23.5087,70.34,78,20,14.97,CV,2023-02-03 21:55:56
554,berlevag,70.8578,29.0864,28.35,74,75,11.5,NO,2023-02-03 21:55:56
555,toora-khem,52.4675,96.11,-16.58,100,90,0.81,RU,2023-02-03 21:55:56
556,ambilobe,-13.2,49.05,74.28,93,10,1.19,MG,2023-02-03 21:55:57
557,bonoua,5.2741,-3.595,82.02,87,12,4.61,CI,2023-02-03 21:55:57
558,hamilton,39.1834,-84.5333,28.24,50,20,14.97,US,2023-02-03 21:48:14
559,slyudyanka,51.6594,103.7061,3.9,90,70,6.17,RU,2023-02-03 21:55:58
560,fortuna,40.5982,-124.1573,58.93,73,100,12.66,US,2023-02-03 21:55:59
561,nhulunbuy,-12.2333,136.7667,79.41,94,94,2.3,AU,2023-02-03 21:55:59
562,milotice,48.9553,17.1424,41.85,87,82,18.45,CZ,2023-02-03 21:55:59
563,balkanabat,39.5108,54.3671,41.22,78,25,7.85,TM,2023-02-03 21:56:00
564,leopold,-38.1833,144.4667,57.45,94,75,18.41,AU,2023-02-03 21:56:00
